wiek,plec,cisnienie,objaw
45,M,142,kaszel
67,M,155,bol_glowy
52,M,148,kaszel
38,K,132,zawroty
60,M,160,bol_glowy
41,K,135,kaszel
50,M,145,goraczka
73,M,170,bol_glowy
58,M,150,kaszel
44,K,138,goraczka
62,K,158,bol_glowy
49,M,140,kaszel
55,M,152,goraczka
47,K,137,zawroty
39,M,130,brak
66,K,162,bol_glowy
53,K,149,kaszel
46,M,143,goraczka
59,M,151,bol_glowy
42,K,134,kaszel
64,K,159,bol_glowy
48,M,139,goraczka
57,M,147,kaszel
40,K,133,brak
61,K,157,bol_glowy
54,M,150,goraczka
43,K,136,kaszel
68,K,165,bol_glowy
51,M,146,kaszel
70,M,168,bol_glowy
56,K,148,goraczka
45,K,141,kaszel
63,M,156,bol_glowy
52,K,147,goraczka
38,M,131,zawroty
